{
  "project_info": {
    "project_number": "294142430723",
    "project_id": "baitapcuoiki-eb8e6",
    "storage_bucket": "baitapcuoiki-eb8e6.appspot.com"
  },
  "client": [
    {
      "client_info": {
        "mobilesdk_app_id": "1:294142430723:android:d33f9128bbc52d9a7e8836",
        "android_client_info": {
          "package_name": "com.example.baitapcuoiki"
        }
      },
      "oauth_client": [
        {
          "client_id": "294142430723-iu5fiar4m3p1lrup8hurv5g9nb59usf7.apps.googleusercontent.com",
          "client_type": 3
        }
      ],
      "api_key": [
        {
          "current_key": "AIzaSyABAoyRtn0UYLZKBqF_oLaktkrl1nK4UGU"
        }
      ],
      "services": {
        "appinvite_service": {
          "other_platform_oauth_client": [
            {
              "client_id": "294142430723-iu5fiar4m3p1lrup8hurv5g9nb59usf7.apps.googleusercontent.com",
              "client_type": 3
            }
          ]
        }
      }
    }
  ],
  "configuration_version": "1"
}